AgeCE,T.anom500,T.priorCenturymean
400,0.17253,0.370807269
401,0.16235,0.368638992
402,0.16192,0.36668923
403,0.17096,0.365222794
404,0.18756,0.364442398
405,0.20861,0.364428042
406,0.23045,0.365100913
407,0.24956,0.366224972
408,0.2631,0.367448141
409,0.26924,0.368372497
410,0.26721,0.368634576
411,0.25719,0.367974418
412,0.24007,0.366276824
413,0.21723,0.363577477
414,0.19042,0.360037774
415,0.16164,0.35589916
416,0.13313,0.351432527
417,0.10721,0.346893814
418,0.08615,0.342494606
419,0.07184,0.338387032
420,0.06556,0.3346612
421,0.06773,0.331348335
422,0.07788,0.32842684
423,0.09483,0.325830156
424,0.11697,0.323457176
425,0.14258,0.321186988
426,0.17016,0.318899474
427,0.19846,0.316498484
428,0.22639,0.313933454
429,0.25281,0.311213454
430,0.27627,0.308408207
431,0.295,0.305634445
432,0.30707,0.303029989
433,0.310828,0.300721751
434,0.305454,0.298795652
435,0.2914,0.297276652
436,0.27052,0.296123544
437,0.24585,0.295239088
438,0.2209,0.294491593
439,0.19884,0.293742484
440,0.18167,0.292872583
441,0.16976,0.291801692
442,0.16191,0.290498722
443,0.15588,0.288981633
444,0.14936,0.287309563
445,0.14085,0.285568346
446,0.13038,0.283853811
447,0.1196,0.282254702
448,0.11142,0.280839355
449,0.10906,0.279646682
450,0.11506,0.278685494
451,0.13031,0.277939058
452,0.15366,0.277375791
453,0.18199,0.276960841
454,0.21089,0.276664504
455,0.23571,0.276464504
456,0.25263,0.276340643
457,0.25959,0.276264702
458,0.25667,0.276189652
459,0.24598,0.276044603
460,0.23092,0.275738563
461,0.21519,0.275174108
462,0.2017,0.27426688
463,0.19182,0.272965187
464,0.18511,0.271262751
465,0.17965,0.269200128
466,0.1729,0.266855296
467,0.16275,0.264327009
468,0.14843,0.261716969
469,0.13105,0.259117374
470,0.11337,0.25660479
471,0.09916,0.254241018
472,0.09208,0.252075483
473,0.09465,0.250145681
474,0.10752,0.248473305
475,0.12924,0.247056275
476,0.15669,0.245862414
477,0.18579,0.244828453
478,0.21243,0.243867949
479,0.23324,0.242886968
480,0.24605,0.241803265
481,0.25007,0.240562374
482,0.24571,0.239144011
483,0.23434,0.2375571
484,0.21797,0.235824853
485,0.19896,0.233965512
486,0.17966,0.231974849
487,0.16219,0.22981768
488,0.14802,0.227429149
489,0.13779,0.22472705
490,0.13109,0.221629772
491,0.12664,0.218076851
492,0.12256,0.214045762
493,0.11694,0.209562594
494,0.10839,0.204703584
495,0.0964,0.199586455
496,0.08146,0.19435299
497,0.06489,0.189145366
498,0.04835,0.184079228
499,0.03345,0.179221505
500,0.05918,0.17495101
501,0.05929,0.173829822
502,0.0623,0.172839228
503,0.06808,0.171910119
504,0.07715,0.170981307
505,0.0904,0.170019327
506,0.10852,0.169028337
507,0.13114,0.168045069
508,0.15638,0.167122495
509,0.18094,0.16630903
510,0.20086,0.165632
511,0.21274,0.165092693
512,0.21498,0.164674772
513,0.20857,0.164362891
514,0.19708,0.164163386
515,0.18573,0.16411695
516,0.17988,0.164297545
517,0.1834,0.164795267
518,0.19745,0.165688733
519,0.22013,0.167015267
520,0.24709,0.168750416
521,0.2728,0.170802297
522,0.29223,0.173025069
523,0.302098,0.17524505
524,0.301615,0.177292426
525,0.29229,0.179028267
526,0.27717,0.180360842
527,0.25973,0.181247673
528,0.24295,0.181688168
529,0.22881,0.181712129
530,0.21829,0.181370347
531,0.21174,0.180731436
532,0.20921,0.17988203
533,0.21061,0.17892698
534,0.21546,0.177982743
535,0.22239,0.177160327
536,0.22887,0.176541218
537,0.23126,0.176152505
538,0.22553,0.175951317
539,0.20857,0.175829238
540,0.17945,0.175637257
541,0.14035,0.175228149
542,0.09654,0.174503198
543,0.05525,0.173447158
544,0.02382,0.172139634
545,0.0076,0.170736069
546,0.00842,0.169424881
547,0.0241,0.168372604
548,0.04932,0.167676762
549,0.07746,0.167340525
550,0.10275,0.16727805
551,0.12204,0.167347158
552,0.13561,0.167399634
553,0.14663,0.16733003
554,0.15981,0.167110426
555,0.17948,0.166799436
556,0.20797,0.166524782
557,0.24467,0.16644597
558,0.28618,0.166709238
559,0.327118,0.167406743
560,0.361622,0.168551713
561,0.384842,0.170075693
562,0.3941729,0.171847801
563,0.389958,0.173711742
564,0.375533,0.175530682
565,0.35662,0.177228801
566,0.340145,0.17881786
567,0.332643,0.180399474
568,0.338547,0.182140039
569,0.358755,0.184222464
570,0.3899189,0.186785523
571,0.424815,0.189869137
572,0.453916,0.193381572
573,0.467886,0.197102424
574,0.460392,0.200723632
575,0.430375,0.203920216
576,0.383005,0.206432741
577,0.328847,0.208137265
578,0.28137,0.209083602
579,0.25339,0.209489147
580,0.25354,0.209690137
581,0.28381,0.210063998
582,0.338868,0.210943186
583,0.407492,0.212544988
584,0.475584,0.214933543
585,0.52989,0.218021859
586,0.56137,0.221610077
587,0.56719,0.225447008
588,0.55098,0.229296414
589,0.52131,0.232992354
590,0.488961,0.236469295
591,0.463958,0.239765018
592,0.453017,0.242996473
593,0.458214,0.24631978
594,0.477004,0.24988477
595,0.50345,0.253796255
596,0.53016,0.258090909
597,0.55034,0.262733285
598,0.55939,0.267629325
599,0.55569,0.272652493
600,0.54043,0.277672097
601,0.51686,0.282203582
602,0.488964,0.28645778
603,0.460335,0.290398721
604,0.433287,0.294014632
605,0.408541,0.297295731
606,0.385408,0.300216602
607,0.362352,0.30272979
608,0.337707,0.304775008
609,0.310338,0.306299345
610,0.28011,0.307281226
611,0.24805,0.307748453
612,0.21626,0.307783305
613,0.18752,0.307511424
614,0.16465,0.307076572
615,0.14976,0.306608057
616,0.14352,0.306190137
617,0.14469,0.305841721
618,0.15013,0.305512315
619,0.15539,0.305095879
620,0.1559,0.304459939
621,0.14842,0.303483008
622,0.13234,0.302092315
623,0.11031,0.300291127
624,0.08786,0.298169958
625,0.07201,0.295896642
626,0.06923,0.293688127
627,0.08338,0.291769414
628,0.11431,0.290329612
629,0.15765,0.289485057
630,0.20594,0.289258622
631,0.2507,0.289579513
632,0.28471,0.290301988
633,0.303835,0.291238869
634,0.307806,0.292201206
635,0.29963,0.293034572
636,0.28407,0.293645265
637,0.26571,0.294010018
638,0.24737,0.294169523
639,0.2294,0.29420784
640,0.21004,0.294222394
641,0.18669,0.294294077
642,0.15753,0.294464176
643,0.1229,0.294725166
644,0.08586,0.295028236
645,0.05186,0.295305859
646,0.02751,0.295502988
647,0.01884,0.295606156
648,0.02965,0.295661107
649,0.06035,0.295770315
650,0.10758,0.296068533
651,0.16476,0.296682493
652,0.2233,0.297685067
653,0.27439,0.299059127
654,0.310732,0.300683899
655,0.327984,0.302348988
656,0.325577,0.303795493
657,0.306665,0.304772671
658,0.27729,0.305095642
659,0.24495,0.304687424
660,0.21699,0.303597048
661,0.19914,0.301988315
662,0.19465,0.300105226
663,0.20409,0.298223217
664,0.22576,0.296597494
665,0.25647,0.295418652
666,0.29237,0.294782514
667,0.329495,0.294677068
668,0.364088,0.294988405
669,0.3926964,0.295524538
670,0.412285,0.296054538
671,0.420539,0.296357707
672,0.416388,0.296274271
673,0.4005652,0.295746046
674,0.375932,0.29483561
675,0.347256,0.293715451
676,0.320335,0.292625947
677,0.300618,0.291810234
678,0.29172,0.29144264
679,0.29437,0.291571352
680,0.306175,0.292093976
681,0.322439,0.292776145
682,0.337736,0.293310065
683,0.34774,0.293397907
684,0.350637,0.292834986
685,0.347565,0.291567471
686,0.341889,0.289706075
687,0.337545,0.287489986
688,0.33709,0.285211768
689,0.340237,0.283125204
690,0.343505,0.281364758
691,0.341248,0.279902253
692,0.327772,0.278553877
693,0.299819,0.277037065
694,0.25847,0.275059402
695,0.20968,0.27241263
696,0.16308,0.26904263
697,0.12935,0.265074214
698,0.11691,0.260782828
699,0.12905,0.256522036
700,0.16264,0.252630451
701,0.20868,0.249345798
702,0.25488,0.246751937
703,0.28922,0.244774273
704,0.303498,0.243221432
705,0.29559,0.241858095
706,0.26983,0.240484719
707,0.23533,0.238998798
708,0.20297,0.237420758
709,0.18195,0.23587861
710,0.17719,0.234560313
711,0.18823,0.23365061
712,0.21,0.233273877
713,0.2349,0.233458432
714,0.25551,0.2341316
715,0.267,0.235144966
716,0.26832,0.236318828
717,0.2621,0.237492887
718,0.25333,0.238568531
719,0.24745,0.239532095
720,0.24856,0.24045457
721,0.25833,0.241468729
722,0.27596,0.242731501
723,0.298918,0.244380788
724,0.324173,0.246498244
725,0.349377,0.249087521
726,0.373484,0.252072412
727,0.3966895,0.255314585
728,0.419748,0.258644961
729,0.443012,0.261899437
730,0.465599,0.264948437
731,0.485061,0.267712011
732,0.49771,0.270157654
733,0.49955,0.272284783
734,0.487466,0.274102912
735,0.460392,0.275613664
736,0.419934,0.276804793
737,0.370302,0.277658575
738,0.317481,0.278171159
739,0.26788,0.278374229
740,0.22682,0.278348684
741,0.19736,0.27822314
742,0.17973,0.278154229
743,0.17167,0.278294229
744,0.16942,0.278754823
745,0.16914,0.279579377
746,0.16826,0.280731852
747,0.16627,0.282105714
748,0.16478,0.283550664
749,0.16675,0.28490809
750,0.17525,0.286045714
751,0.19211,0.286882645
752,0.21703,0.287400169
753,0.24748,0.287639575
754,0.27932,0.287688387
755,0.30805,0.287661833
756,0.330274,0.287684506
757,0.344703,0.287873872
758,0.352518,0.288327862
759,0.356881,0.289115892
760,0.361801,0.290272833
761,0.370748,0.291795189
762,0.38552,0.293640536
763,0.4057104,0.295730243
764,0.428952,0.297956599
765,0.451776,0.300194381
766,0.470751,0.302315975
767,0.483461,0.304207965
768,0.488996,0.305787183
769,0.48784,0.30701245
770,0.481284,0.307889555
771,0.470699,0.308467912
772,0.457017,0.30882908
773,0.44068,0.309069595
774,0.422066,0.309282474
775,0.402191,0.309542464
776,0.383286,0.309899197
777,0.368912,0.310380157
778,0.363396,0.311001722
779,0.370687,0.311783573
780,0.3929679,0.31275979
781,0.42954,0.313981226
782,0.476428,0.315505869
783,0.52694,0.317379176
784,0.57305,0.319609968
785,0.60726,0.32215079
786,0.62425,0.324890246
787,0.6219,0.327662632
788,0.60142,0.330275255
789,0.5666,0.332547632
790,0.52268,0.334353998
791,0.475116,0.335657077
792,0.428862,0.336524543
793,0.3880352,0.337121208
794,0.355977,0.337677228
795,0.335301,0.338437931
796,0.327677,0.339606218
797,0.333268,0.341291248
798,0.350076,0.343476653
799,0.37359,0.34601804
800,0.3971817,0.348672809
801,0.413412,0.3511557
802,0.416007,0.353208443
803,0.4019061,0.354664147
804,0.372583,0.355489523
805,0.334011,0.355791632
806,0.29508,0.355786582
807,0.26491,0.355737869
808,0.24984,0.355881533
809,0.25143,0.356361335
810,0.26599,0.357193414
811,0.28614,0.358272127
812,0.303747,0.359415859
813,0.3132,0.360437642
814,0.313695,0.36121779
815,0.309638,0.361753711
816,0.308891,0.362168473
817,0.319477,0.362674978
818,0.345988,0.363505552
819,0.3871019,0.364830027
820,0.435247,0.366689403
821,0.478643,0.368967452
822,0.50509,0.371410621
823,0.50613,0.373689532
824,0.480211,0.375484512
825,0.433481,0.376566769
826,0.378131,0.376851462
827,0.328636,0.376407423
828,0.297272,0.375423091
829,0.29038,0.37414222
830,0.306624,0.372791844
831,0.337802,0.371526527
832,0.371818,0.370405309
833,0.39680327,0.369406232
834,0.4049505,0.368469604
835,0.3948092,0.36755221
836,0.37137,0.366670804
837,0.344031,0.365919289
838,0.323243,0.365453358
839,0.317036,0.365448952
840,0.328573,0.366049873
841,0.355461,0.367323546
842,0.3909024,0.369239808
843,0.426155,0.371679659
844,0.453381,0.374468877
845,0.467931,0.377424431
846,0.469404,0.380397342
847,0.461286,0.38329859
848,0.449459,0.386102441
849,0.440208,0.388829451
850,0.438385,0.391518907
851,0.446271,0.394202283
852,0.463327,0.3968876
853,0.486745,0.399558045
854,0.51246,0.40218161
855,0.53626,0.40472557
856,0.55459,0.40716656
857,0.5651,0.40949157
858,0.56667,0.411689263
859,0.55929,0.413736511
860,0.5439,0.415588184
861,0.52219,0.417176194
862,0.49654,0.418421659
863,0.469972,0.419257818
864,0.446036,0.419657081
865,0.428476,0.419652368
866,0.420757,0.419345249
867,0.425428,0.418896507
868,0.443496,0.418500814
869,0.473972,0.418352061
870,0.51376,0.418608695
871,0.55795,0.419367764
872,0.60056,0.420653517
873,0.63558,0.422421467
874,0.65799,0.424573051
875,0.6648,0.426976358
876,0.65549,0.429484269
877,0.632,0.431946784
878,0.59818,0.434216764
879,0.55872,0.436150665
880,0.51799,0.437609111
881,0.479054,0.438461448
882,0.443116,0.438595864
883,0.409644,0.437934636
884,0.377111,0.436451181
885,0.344116,0.434184508
886,0.31051,0.431246389
887,0.27808,0.427818963
888,0.2505,0.424141735
889,0.23241,0.420488171
890,0.22797,0.417135399
891,0.23925,0.414329161
892,0.26504,0.412249201
893,0.300674,0.410980013
894,0.338911,0.410493634
895,0.371739,0.410649694
896,0.3925581,0.411216596
897,0.3979954,0.411912818
898,0.3887526,0.41246217
899,0.369162,0.41265114
900,0.345594,0.412373952
901,0.324277,0.411652123
902,0.309277,0.410621084
903,0.301379,0.409486153
904,0.298238,0.408459736
905,0.29574,0.407698915
906,0.29004,0.407263558
907,0.27949,0.407109202
908,0.26571,0.407117122
909,0.25332,0.407151578
910,0.24841,0.407121677
911,0.25619,0.407024647
912,0.27873,0.406951281
913,0.313511,0.407047954
914,0.353578,0.407447736
915,0.3891646,0.40819496
916,0.410458,0.409193178
917,0.410593,0.410200128
918,0.387885,0.410877435
919,0.346525,0.410882752
920,0.29545,0.409975308
921,0.24573,0.408098902
922,0.20718,0.405411149
923,0.1855,0.402246892
924,0.1806,0.399023822
925,0.18689,0.396119654
926,0.1953,0.393761426
927,0.19642,0.391962308
928,0.18367,0.390527001
929,0.15559,0.389124209
930,0.11637,0.387401337
931,0.07464,0.385104466
932,0.04077,0.382163555
933,0.02373,0.378717139
934,0.02841,0.375069681
935,0.05422,0.371597102
936,0.09544,0.36863305
937,0.14303,0.366372258
938,0.18732,0.364820664
939,0.22079,0.363806278
940,0.23997,0.363043249
941,0.24597,0.362225397
942,0.24364,0.361118258
943,0.23965,0.35962071
944,0.24017,0.357779274
945,0.24888,0.355754512
946,0.26594,0.353754601
947,0.28815,0.351960007
948,0.310088,0.350462997
949,0.325971,0.349240344
950,0.331437,0.348163403
951,0.3249,0.347039789
952,0.308059,0.345671353
953,0.28553,0.343910987
954,0.26381,0.34170371
955,0.24986,0.33910371
956,0.2497,0.336266482
957,0.26735,0.333422522
958,0.304068,0.330838047
959,0.358159,0.328773581
960,0.425184,0.327445799
961,0.49855,0.326996789
962,0.57045,0.327474611
963,0.63312,0.328826888
964,0.68017,0.330908056
965,0.70788,0.333500571
966,0.71605,0.336347839
967,0.70815,0.339193314
968,0.69055,0.341818284
969,0.67096,0.344070403
970,0.65629,0.345875532
971,0.65072,0.347231571
972,0.65444,0.348186918
973,0.66356,0.34881068
974,0.6714,0.349165334
975,0.67075,0.34929167
976,0.6565,0.349209492
977,0.62773,0.348934641
978,0.58851,0.348504047
979,0.54718,0.347999096
980,0.51405,0.347556819
981,0.4984,0.347362858
982,0.50556,0.347625294
983,0.53497,0.34853474
984,0.58004,0.350221829
985,0.62965,0.352722215
986,0.67112,0.355959878
987,0.6936,0.359752849
988,0.69095,0.36384067
989,0.66332,0.367927997
990,0.61691,0.371734928
991,0.56207,0.375042849
992,0.51042,0.3777277
993,0.471741,0.379774245
994,0.451753,0.381270076
995,0.451164,0.382381492
996,0.466307,0.383317809
997,0.490891,0.384291402
998,0.51821,0.385481646
999,0.54302,0.387009046
1000,0.55338,0.388832986
1001,0.5708,0.391062749
1002,0.58216,0.393616046
1003,0.5876,0.396371719
1004,0.58697,0.399199352
1005,0.57974,0.401986501
1006,0.56537,0.404656105
1007,0.54418,0.407172343
1008,0.51811,0.409534917
1009,0.491015,0.411765659
1010,0.468136,0.41389255
1011,0.454813,0.415936145
1012,0.454831,0.417902887
1013,0.468939,0.419786145
1014,0.494151,0.421574659
1015,0.52415,0.423263491
1016,0.55083,0.424864139
1017,0.56649,0.42640901
1018,0.56623,0.42794997
1019,0.54955,0.429550614
1020,0.52085,0.431276604
1021,0.488488,0.433187871
1022,0.46261,0.435335198
1023,0.452389,0.43776301
1024,0.463355,0.44051405
1025,0.49566,0.443633455
1026,0.54376,0.447166822
1027,0.59766,0.451150584
1028,0.64541,0.45559603
1029,0.67614,0.46047197
1030,0.68285,0.465692366
1031,0.66413,0.471115733
1032,0.62433,0.476558208
1033,0.57233,0.481821178
1034,0.51908,0.486725634
1035,0.474865,0.49114598
1036,0.446961,0.495034505
1037,0.438291,0.498429069
1038,0.447427,0.501442901
1039,0.469705,0.504238792
1040,0.49905,0.506993842
1041,0.52985,0.509863941
1042,0.55837,0.51295701
1043,0.58323,0.516319287
1044,0.60514,0.519938
1045,0.62583,0.523756416
1046,0.64687,0.527696911
1047,0.66859,0.531683545
1048,0.68967,0.53565899
1049,0.70732,0.53959198
1050,0.71819,0.543475337
1051,0.71952,0.547317743
1052,0.71021,0.551132693
1053,0.69154,0.554929535
1054,0.66708,0.558707257
1055,0.64187,0.562450426
1056,0.62113,0.566126366
1057,0.60882,0.56968201
1058,0.60639,0.573038842
1059,0.6124,0.576091634
1060,0.6229,0.578712832
1061,0.63253,0.580765762
1062,0.63619,0.582128535
1063,0.63053,0.582723386
1064,0.615,0.58254398
1065,0.59199,0.581670911
1066,0.56618,0.580267941
1067,0.54313,0.578555861
1068,0.52771,0.576769327
1069,0.52268,0.575107248
1070,0.52801,0.573691901
1071,0.54095,0.572549921
1072,0.55685,0.571620515
1073,0.57062,0.570790614
1074,0.57812,0.569944673
1075,0.57734,0.569013386
1076,0.56893,0.568005267
1077,0.55599,0.567010119
1078,0.54314,0.566172594
1079,0.53532,0.56564596
1080,0.53638,0.56553903
1081,0.54809,0.565876059
1082,0.5697,0.566582
1083,0.59808,0.56749804
1084,0.62853,0.568424376
1085,0.6559,0.569175465
1086,0.67572,0.569631604
1087,0.68503,0.569769327
1088,0.68278,0.569662198
1089,0.66967,0.569451505
1090,0.64757,0.569295564
1091,0.61885,0.569314772
1092,0.58577,0.569549426
1093,0.55022,0.569943485
1094,0.51374,0.570359317
1095,0.477764,0.570616851
1096,0.443839,0.570544327
1097,0.413637,0.570022842
1098,0.3886693,0.569010746
1099,0.369784,0.567541181
1100,0.356687,0.5656963
1101,0.347736,0.563660221
1102,0.340206,0.561377112
1103,0.331017,0.558890548
1104,0.317721,0.556218478
1105,0.299412,0.553371369
1106,0.27719,0.550375825
1107,0.25399,0.547292854
1108,0.23377,0.544219488
1109,0.22033,0.541271171
1110,0.21612,0.538549439
1111,0.22144,0.536106904
1112,0.23436,0.533924201
1113,0.25118,0.531907854
1114,0.26745,0.529912914
1115,0.27909,0.527783597
1116,0.28329,0.525398845
1117,0.27898,0.52270726
1118,0.2669,0.519741023
1119,0.24923,0.516602409
1120,0.22914,0.513430033
1121,0.21034,0.510355676
1122,0.19664,0.507466092
1123,0.19162,0.504783023
1124,0.19814,0.502265706
1125,0.21779,0.499834369
1126,0.25023,0.497404369
1127,0.29273,0.494918924
1128,0.340022,0.492368052
1129,0.384897,0.489788716
1130,0.41945,0.487247231
1131,0.436846,0.484811548
1132,0.433153,0.482524647
1133,0.40869,0.480389597
1134,0.368387,0.478370359
1135,0.320899,0.476408171
1136,0.2766,0.474445151
1137,0.24497,0.472445241
1138,0.23204,0.470403151
1139,0.23874,0.468336944
1140,0.26061,0.466266696
1141,0.28902,0.464187191
1142,0.31356,0.462045706
1143,0.324909,0.459734211
1144,0.317353,0.457101765
1145,0.29023,0.453983845
1146,0.24792,0.450242161
1147,0.19847,0.445802557
1148,0.15134,0.44068127
1149,0.11492,0.434990676
1150,0.09464,0.428924538
1151,0.09204,0.422725033
1152,0.10505,0.416641171
1153,0.12914,0.410888003
1154,0.15893,0.405614637
1155,0.18965,0.400887607
1156,0.2181,0.396691864
1157,0.24284,0.392946419
1158,0.26368,0.389529191
1159,0.28095,0.386307013
1160,0.29472,0.383161666
1161,0.304513,0.38000932
1162,0.3094,0.376810013
1163,0.30869,0.373567439
1164,0.302671,0.37032131
1165,0.29317,0.367134874
1166,0.28357,0.364081211
1167,0.2782,0.361229924
1168,0.28117,0.35863626
1169,0.29502,0.356332399
1170,0.319642,0.354322122
1171,0.351893,0.352578389
1172,0.3861189,0.351045408
1173,0.415508,0.349645982
1174,0.433925,0.348292566
1175,0.437655,0.346901824
1176,0.426508,0.345408438
1177,0.403891,0.343774388
1178,0.375785,0.34199018
1179,0.348937,0.340067378
1180,0.328822,0.338022844
1181,0.318034,0.335861002
1182,0.315629,0.333559408
1183,0.317631,0.331063675
1184,0.31853,0.328295853
1185,0.313259,0.325174358
1186,0.299011,0.321640804
1187,0.27628,0.317685952
1188,0.24881,0.313366943
1189,0.22252,0.308809913
1190,0.20373,0.304196646
1191,0.19735,0.299739022
1192,0.20555,0.295646943
1193,0.22731,0.292097834
1194,0.2589,0.289213477
1195,0.29505,0.28704823
1196,0.330365,0.285588834
1197,0.360545,0.284764141
1198,0.383031,0.284461111
1199,0.3970823,0.284544408
1200,0.4033508,0.284876752
1201,0.4032518,0.28533779
1202,0.3983959,0.285839373
1203,0.3902478,0.286334837
1204,0.380032,0.286820134
1205,0.368787,0.287325738
1206,0.357426,0.287900134
1207,0.346718,0.28858853
1208,0.337175,0.289412144
1209,0.328945,0.29035447
1210,0.321815,0.291359272
1211,0.315391,0.292342153
1212,0.309438,0.293213421
1213,0.304225,0.293905153
1214,0.300733,0.294395777
1215,0.300535,0.294723351
1216,0.305349,0.294983342
1217,0.316345,0.295310619
1218,0.33345,0.295849926
1219,0.354924,0.29672145
1220,0.377434,0.297990797
1221,0.3966715,0.299649525
1222,0.408415,0.301610663
1223,0.409713,0.303720297
1224,0.3998429,0.30578191
1225,0.380698,0.307589415
1226,0.356464,0.308962425
1227,0.332643,0.309778395
1228,0.314693,0.30999585
1229,0.306691,0.309665841
1230,0.310391,0.308928157
1231,0.32493,0.307992316
1232,0.347221,0.30710494
1233,0.372843,0.306507811
1234,0.3971365,0.30639342
1235,0.416169,0.306866509
1236,0.427356,0.307920539
1237,0.429647,0.309435855
1238,0.423393,0.31120242
1239,0.410022,0.312964618
1240,0.3917086,0.314479158
1241,0.371099,0.315573109
1242,0.351065,0.316187416
1243,0.334405,0.316393802
1244,0.323422,0.316379079
1245,0.319405,0.316399396
1246,0.322159,0.316715525
1247,0.329797,0.317526188
1248,0.339,0.318917574
1249,0.345801,0.320842931
1250,0.346774,0.323138515
1251,0.340269,0.325570485
1252,0.327284,0.327899634
1253,0.311579,0.329944475
1254,0.298879,0.331625059
1255,0.2953,0.332975257
1256,0.305473,0.33412202
1257,0.33089,0.335238752
1258,0.369158,0.336489426
1259,0.414349,0.337981198
1260,0.45846,0.339738723
1261,0.493517,0.34170701
1262,0.51367,0.343777871
1263,0.51656,0.34582896
1264,0.50363,0.347759059
1265,0.479212,0.34950699
1266,0.448865,0.351048525
1267,0.417537,0.352374931
1268,0.3882541,0.353464575
1269,0.361748,0.354262377
1270,0.337089,0.354678902
1271,0.312985,0.354612991
1272,0.28913,0.353991575
1273,0.26699,0.352812081
1274,0.24965,0.351169923
1275,0.24069,0.349256705
1276,0.24258,0.347325269
1277,0.25522,0.345629349
1278,0.27527,0.344355873
1279,0.296689,0.343572745
1280,0.312338,0.343210378
1281,0.31623,0.343085705
1282,0.305521,0.342961814
1283,0.28157,0.342624596
1284,0.24958,0.341950824
1285,0.21693,0.340944883
1286,0.19078,0.33973222
1287,0.17568,0.338511121
1288,0.17232,0.337481814
1289,0.17755,0.336776269
1290,0.18599,0.336414586
1291,0.19228,0.33630122
1292,0.19339,0.336262012
1293,0.18982,0.336106269
1294,0.18545,0.335691814
1295,0.18583,0.334968349
1296,0.19578,0.333985477
1297,0.21714,0.332864438
1298,0.24766,0.331746764
1299,0.28142,0.330740715
1300,0.310816,0.329886593
1301,0.329328,0.329153694
1302,0.333958,0.328467617
1303,0.326447,0.327755251
1304,0.312677,0.326987224
1305,0.300421,0.326198996
1306,0.296271,0.325481016
1307,0.302902,0.324941174
1308,0.317786,0.324654719
1309,0.333958,0.324622867
1310,0.342647,0.324758531
1311,0.336857,0.324907461
1312,0.31458,0.324899432
1313,0.28035,0.324611432
1314,0.24446,0.324019699
1315,0.21993,0.323219669
1316,0.21832,0.322405659
1317,0.24567,0.321814778
1318,0.300176,0.321654689
1319,0.37234,0.322039739
1320,0.44766,0.322957917
1321,0.51089,0.324279263
1322,0.55045,0.325801823
1323,0.56155,0.327318011
1324,0.54693,0.328676595
1325,0.51525,0.32981924
1326,0.477641,0.330779071
1327,0.443799,0.331643774
1328,0.418967,0.332498467
1329,0.4026885,0.33336971
1330,0.3896592,0.334191177
1331,0.372161,0.334802761
1332,0.343112,0.334982781
1333,0.29862,0.334501583
1334,0.23924,0.333178781
1335,0.16968,0.330926737
1336,0.09716,0.327768232
1337,0.02927,0.323826786
1338,-0.02802,0.31929543
1339,-0.07153,0.314395202
1340,-0.1011,0.309334588
1341,-0.11881,0.304279949
1342,-0.12785,0.299339859
1343,-0.13136,0.294563374
1344,-0.13154,0.289950057
1345,-0.12938,0.285466869
1346,-0.12468,0.281069988
1347,-0.1164,0.27672782
1348,-0.10316,0.272441117
1349,-0.08364,0.268256562
1350,-0.057,0.264268434
1351,-0.02319,0.260605424
1352,0.01678,0.257402562
1353,0.0608,0.254764107
1354,0.10575,0.252726196
1355,0.1479,0.251231354
1356,0.18352,0.250124622
1357,0.20964,0.24917578
1358,0.22472,0.248124592
1359,0.22906,0.246737483
1360,0.2249,0.24486175
1361,0.2161,0.242462147
1362,0.20749,0.239630196
1363,0.2041,0.236565147
1364,0.21031,0.233532968
1365,0.22912,0.230815048
1366,0.26161,0.228660572
1367,0.306623,0.227252236
1368,0.360707,0.226689562
1369,0.418498,0.226989007
1370,0.473457,0.228095037
1371,0.519,0.229896136
1372,0.54982,0.232241037
1373,0.56312,0.234953809
1374,0.55942,0.237849155
1375,0.54257,0.240749353
1376,0.51897,0.243504601
1377,0.495988,0.246013591
1378,0.480102,0.248240146
1379,0.475266,0.250220304
1380,0.481964,0.25205471
1381,0.49729,0.253885918
1382,0.51601,0.255863938
1383,0.53213,0.258107591
1384,0.54066,0.260672839
1385,0.53869,0.263535314
1386,0.52577,0.266593136
1387,0.50338,0.269688185
1388,0.473878,0.272640641
1389,0.439521,0.275286195
1390,0.4017983,0.277506475
1391,0.361527,0.279244465
1392,0.319496,0.28050403
1393,0.27733,0.281335119
1394,0.23808,0.281812941
1395,0.20612,0.282017594
1396,0.18633,0.282022545
1397,0.18273,0.281893337
1398,0.19701,0.28169403
1399,0.2277,0.281496406
1400,0.27019,0.281385218
1401,0.31775,0.281453871
1402,0.363281,0.28179004
1403,0.4011966,0.282455768
1404,0.42881,0.283469263
1405,0.446785,0.284797065
1406,0.458496,0.286362164
1407,0.468545,0.288067848
1408,0.480948,0.289830679
1409,0.49762,0.291611214
1410,0.51768,0.293430244
1411,0.53779,0.295362352
1412,0.55339,0.297506244
1413,0.56039,0.299940006
1414,0.55677,0.302676838
1415,0.54338,0.305636442
1416,0.52388,0.308645848
1417,0.50355,0.311469907
1418,0.487592,0.313865174
1419,0.479341,0.315639085
1420,0.479061,0.316695729
1421,0.483716,0.317052719
1422,0.487826,0.316824362
1423,0.485159,0.316177917
1424,0.470726,0.315278669
1425,0.442447,0.314244184
1426,0.4019791,0.31312269
1427,0.354437,0.311902849
1428,0.30709,0.310549294
1429,0.26744,0.309049027
1430,0.24122,0.307450329
1431,0.23094,0.305878851
1432,0.23524,0.304523198
1433,0.24941,0.303595455
1434,0.26668,0.303279218
1435,0.28002,0.30368298
1436,0.28392,0.304814069
1437,0.27567,0.306581495
1438,0.25586,0.30882496
1439,0.22793,0.311359119
1440,0.19701,0.314017931
1441,0.16833,0.316685554
1442,0.14573,0.319304762
1443,0.13056,0.321863277
1444,0.12139,0.324365752
1445,0.11457,0.326802485
1446,0.10544,0.329127436
1447,0.08994,0.331252386
1448,0.0661,0.333059317
1449,0.03483,0.334425554
1450,0,0.335253673
1451,-0.03263,0.33549496
1452,-0.05708,0.335159416
1453,-0.06908,0.334309317
1454,-0.06771,0.333036941
1455,-0.05601,0.331435356
1456,-0.0404,0.329571
1457,-0.02893,0.327467535
1458,-0.02868,0.325107931
1459,-0.04324,0.322454861
1460,-0.07099,0.319484069
1461,-0.10484,0.316219317
1462,-0.13373,0.312755653
1463,-0.14559,0.309259812
1464,-0.131,0.30594199
1465,-0.08645,0.303003772
1466,-0.01616,0.300575257
1467,0.06817,0.29866001
1468,0.14975,0.297106812
1469,0.21073,0.295621891
1470,0.23676,0.293822505
1471,0.2208,0.29132095
1472,0.16511,0.287817089
1473,0.08106,0.283175901
1474,-0.01349,0.277466891
1475,-0.0982,0.270955802
1476,-0.15491,0.264050059
1477,-0.17156,0.257213129
1478,-0.14467,0.25086998
1479,-0.07967,0.245327683
1480,0.01068,0.240727822
1481,0.1094,0.237039069
1482,0.19921,0.234087782
1483,0.26615,0.231613921
1484,0.302277,0.229338149
1485,0.306772,0.227022426
1486,0.28539,0.224514505
1487,0.24842,0.221768465
1488,0.20778,0.218841733
1489,0.17402,0.215872842
1490,0.15396,0.213045505
1491,0.14954,0.210547898
1492,0.15804,0.208533175
1493,0.17352,0.207087868
1494,0.18892,0.206212522
1495,0.19823,0.205817967
1496,0.19806,0.205738165
1497,0.18824,0.205757076
1498,0.1714,0.205644898
1499,0.15174,0.20519668
1500,0.13354,0.204264403
1501,0.11982,0.202775591
1502,0.1116,0.200734502
1503,0.10783,0.198205284
1504,0.10607,0.195283239
1505,0.10342,0.192061555
1506,0.09758,0.18860408
1507,0.08752,0.18493105
1508,0.0737,0.181021694
1509,0.05788,0.176832902
1510,0.04247,0.172326466
1511,0.02978,0.167495773
1512,0.02142,0.162383199
1513,0.01788,0.15708112
1514,0.01849,0.151715773
1515,0.02174,0.146418447
1516,0.02581,0.141293991
1517,0.02922,0.136396367
1518,0.03129,0.131720526
1519,0.03245,0.127214169
1520,0.03408,0.122805645
1521,0.0381,0.118439694
1522,0.0462,0.114107852
1523,0.05909,0.109862942
1524,0.07602,0.10581206
1525,0.09464,0.102088437
1526,0.1115,0.098811734
1527,0.12297,0.096049267
1528,0.12641,0.093791574
1529,0.1211,0.091950089
1530,0.10871,0.090378505
1531,0.09298,0.088910782
1532,0.07871,0.087403554
1533,0.07026,0.085770089
1534,0.07015,0.083995238
1535,0.07817,0.082128802
1536,0.0913,0.080260287
1537,0.10457,0.078484545
1538,0.11259,0.076869891
1539,0.11116,0.075437218
1540,0.09857,0.074156426
1541,0.07607,0.072959
1542,0.04752,0.071762861
1543,0.01828,0.07050098
1544,-0.0062,0.069146921
1545,-0.02162,0.06773098
1546,-0.02567,0.066342465
1547,-0.01818,0.065118505
1548,-0.0008,0.064220089
1549,0.02367,0.06379999
1550,0.05187,0.063968703
1551,0.08046,0.064765337
1552,0.10643,0.066142168
1553,0.12727,0.067967416
1554,0.14115,0.070048901
1555,0.14704,0.072175139
1556,0.14497,0.07416504
1557,0.13596,0.075911178
1558,0.12196,0.077405139
1559,0.1054,0.078732663
1560,0.08856,0.080037614
1561,0.07303,0.081463554
1562,0.05923,0.08308801
1563,0.04647,0.084872168
1564,0.03319,0.086642267
1565,0.0177,0.088114545
1566,-0.00123,0.088958307
1567,-0.02383,0.088882366
1568,-0.0492,0.087720287
1569,-0.07553,0.085489792
1570,-0.10052,0.082408109
1571,-0.12192,0.078856822
1572,-0.13787,0.075305634
1573,-0.14711,0.072214347
1574,-0.14898,0.069936723
1575,-0.14338,0.068650683
1576,-0.13077,0.068328208
1577,-0.11222,0.068750881
1578,-0.08953,0.069563059
1579,-0.06524,0.070349495
1580,-0.04243,0.070718208
1581,-0.02423,0.070372564
1582,-0.01321,0.069158604
1583,-0.0107,0.067080287
1584,-0.01644,0.064282366
1585,-0.02855,0.061006851
1586,-0.04404,0.057533465
1587,-0.05953,0.054118416
1588,-0.07218,0.050944158
1589,-0.08034,0.048091485
1590,-0.08384,0.045538416
1591,-0.0838,0.043184356
1592,-0.08207,0.040891188
1593,-0.08051,0.038529307
1594,-0.08024,0.036016832
1595,-0.08127,0.033341683
1596,-0.08241,0.030563069
1597,-0.08161,0.027794059
1598,-0.07657,0.025172178
1599,-0.0655,0.022826634
1600,-0.04774,0.020851584
1601,-0.02414,0.019290396
1602,0.00295,0.018133267
1603,0.03019,0.017327228
1604,0.05394,0.016793663
1605,0.07121,0.016448515
1606,0.08039,0.016220495
1607,0.08163,0.016062574
1608,0.07674,0.015955842
1609,0.06853,0.015904653
1610,0.05996,0.015925248
1611,0.05315,0.01603099
1612,0.04878,0.016219109
1613,0.0459,0.016461485
1614,0.04238,0.016704059
1615,0.03575,0.01687495
1616,0.02421,0.016899406
1617,0.00748,0.016717921
1618,-0.01282,0.016301683
1619,-0.03346,0.015660594
1620,-0.05036,0.014840693
1621,-0.05975,0.013911683
1622,-0.05927,0.012947624
1623,-0.04869,0.012008119
1624,-0.03005,0.011125545
1625,-0.00712,0.010302376
1626,0.01561,0.009519901
1627,0.03416,0.008754158
1628,0.04605,0.007992574
1629,0.05085,0.007244455
1630,0.05011,0.006541584
1631,0.04663,0.005926931
1632,0.04346,0.005436634
1633,0.04285,0.005081584
1634,0.04548,0.004836238
1635,0.05025,0.004639208
1636,0.05467,0.004406535
1637,0.05567,0.004053762
1638,0.0507,0.003520396
1639,0.03856,0.002787426
1640,0.02001,0.00188495
1641,-0.00233,0.000885941
1642,-0.02452,-0.00011
1643,-0.04224,-0.000998713
1644,-0.05188,-0.001693366
1645,-0.05137,-0.002140594
1646,-0.04069,-0.002329406
1647,-0.02185,-0.002291584
1648,0.00165,-0.002095248
1649,0.02558,-0.001834059
1650,0.04584,-0.001614554
1651,0.05928,-0.001541188
1652,0.06411,-0.001703069
1653,0.06012,-0.002161584
1654,0.04848,-0.002941683
1655,0.03136,-0.004028713
1656,0.01152,-0.005370495
1657,-0.00819,-0.006886931
1658,-0.02526,-0.008483168
1659,-0.03781,-0.01006505
1660,-0.04488,-0.01155297
1661,-0.04654,-0.012890594
1662,-0.04392,-0.014048515
1663,-0.03907,-0.015021782
1664,-0.03474,-0.015825842
1665,-0.03382,-0.016489307
1666,-0.03886,-0.017049307
1667,-0.05145,-0.017546535
1668,-0.07176,-0.018021089
1669,-0.09829,-0.018507129
1670,-0.1281,-0.019027624
1671,-0.1572,-0.019588812
1672,-0.18149,-0.020178614
1673,-0.19762,-0.020770198
1674,-0.20383,-0.021331782
1675,-0.20042,-0.021841089
1676,-0.18969,-0.022299604
1677,-0.17527,-0.022740198
1678,-0.16114,-0.023224554
1679,-0.1505,-0.023828218
1680,-0.14484,-0.024616337
1681,-0.14371,-0.025619109
1682,-0.14506,-0.026815446
1683,-0.14629,-0.028133069
1684,-0.1455,-0.029467723
1685,-0.14255,-0.030716337
1686,-0.13954,-0.031815248
1687,-0.14038,-0.032769109
1688,-0.14963,-0.033661188
1689,-0.17075,-0.034637129
1690,-0.20459,-0.035867327
1691,-0.24847,-0.037497327
1692,-0.29635,-0.039601782
1693,-0.34001,-0.042155644
1694,-0.37113,-0.045033069
1695,-0.38349,-0.048035545
1696,-0.37462,-0.05094
1697,-0.34653,-0.05355505
1698,-0.30499,-0.055766733
1699,-0.25792,-0.057562277
1700,-0.21309,-0.059023564
1701,-0.17609,-0.060294356
1702,-0.14914,-0.06153198
1703,-0.13109,-0.062859109
1704,-0.11852,-0.064331485
1705,-0.10751,-0.06593
1706,-0.09552,-0.067580792
1707,-0.08239,-0.069192475
1708,-0.07055,-0.070699208
1709,-0.06392,-0.072091881
1710,-0.06634,-0.073427228
1711,-0.07979,-0.074810891
1712,-0.10333,-0.076360198
1713,-0.13297,-0.078159703
1714,-0.16256,-0.080223663
1715,-0.18548,-0.082479703
1716,-0.19641,-0.084778317
1717,-0.1928,-0.086926931
1718,-0.17538,-0.088737426
1719,-0.14782,-0.090074059
1720,-0.1156,-0.090887327
1721,-0.08451,-0.091225446
1722,-0.05931,-0.091221089
1723,-0.04275,-0.091057525
1724,-0.03533,-0.090925248
1725,-0.03552,-0.090979406
1726,-0.0405,-0.091309901
1727,-0.04693,-0.091929109
1728,-0.05181,-0.092780297
1729,-0.05307,-0.093761683
1730,-0.04989,-0.094759109
1731,-0.04278,-0.095678812
1732,-0.03338,-0.09647099
1733,-0.02401,-0.09713901
1734,-0.01712,-0.097732772
1735,-0.01469,-0.098328515
1736,-0.01769,-0.099001188
1737,-0.02572,-0.099797129
1738,-0.03708,-0.100715446
1739,-0.04901,-0.101702673
1740,-0.05832,-0.102661881
1741,-0.06209,-0.103474752
1742,-0.05832,-0.104029109
1743,-0.04637,-0.104245446
1744,-0.02711,-0.104095644
1745,-0.0027,-0.103608713
1746,0.02386,-0.102863861
1747,0.04932,-0.101972673
1748,0.0707,-0.101056337
1749,0.08578,-0.100223366
1750,0.0933,-0.099552871
1751,0.09303,-0.099085644
1752,0.0857,-0.098824059
1753,0.07276,-0.098738416
1754,0.05617,-0.098777525
1755,0.03803,-0.09888099
1756,0.02037,-0.098989802
1757,0.00485,-0.099055842
1758,-0.00738,-0.099047822
1759,-0.01576,-0.098953762
1760,-0.02022,-0.098779604
1761,-0.02101,-0.098543267
1762,-0.01842,-0.098264851
1763,-0.01267,-0.097955446
1764,-0.00376,-0.097605842
1765,0.00839,-0.097178812
1766,0.02374,-0.096608911
1767,0.04177,-0.095810594
1768,0.06134,-0.094693861
1769,0.08064,-0.09318495
1770,0.09749,-0.091246535
1771,0.10977,-0.088891386
1772,0.11609,-0.086185545
1773,0.11615,-0.083238614
1774,0.11096,-0.080183366
1775,0.10258,-0.077149604
1776,0.0934,-0.074240495
1777,0.08546,-0.071516238
1778,0.07959,-0.068992871
1779,0.07521,-0.066652772
1780,0.07043,-0.064465347
1781,0.06285,-0.06240901
1782,0.05061,-0.06048505
1783,0.0334,-0.058718119
1784,0.01316,-0.057139406
1785,-0.00601,-0.055758317
1786,-0.01861,-0.054531188
1787,-0.01912,-0.053338911
1788,-0.00362,-0.051984851
1789,0.02883,-0.050217921
1790,0.07545,-0.047780297
1791,0.12998,-0.044467723
1792,0.1838,-0.040187822
1793,0.2278,-0.034998218
1794,0.25442,-0.029112772
1795,0.25943,-0.022869604
1796,0.24298,-0.016666931
1797,0.20944,-0.010884158
1798,0.16635,-0.005806139
1799,0.12246,-0.00157396
1800,0.08551,0.001826337
1801,0.06032,0.004533366
1802,0.04776,0.006749703
1803,0.04471,0.00866901
1804,0.04526,0.01041505
1805,0.04255,0.012009802
1806,0.03088,0.01338
1807,0.00734,0.014398416
1808,-0.02737,0.014943168
1809,-0.06921,0.014956436
1810,-0.11203,0.014480099
1811,-0.14918,0.013659901
1812,-0.17509,0.012716337
1813,-0.1864,0.011893861
1814,-0.18221,0.011406337
1815,-0.16369,0.011395149
1816,-0.13333,0.011911485
1817,-0.09408,0.012924653
1818,-0.04895,0.014348911
1819,-0.00089,0.016076535
1820,0.04696,0.01800505
1821,0.0911,0.020051584
1822,0.12772,0.022152871
1823,0.15328,0.024257723
1824,0.16524,0.02631703
1825,0.16292,0.028279901
1826,0.14783,0.030095248
1827,0.12338,0.031717822
1828,0.09398,0.03311297
1829,0.06379,0.034257525
1830,0.03556,0.03513505
1831,0.01014,0.035729406
1832,-0.01327,0.036021584
1833,-0.03628,0.035992871
1834,-0.06008,0.035635743
1835,-0.08462,0.034967426
1836,-0.10843,0.034039307
1837,-0.12909,0.032936337
1838,-0.14432,0.031762079
1839,-0.15299,0.030614455
1840,-0.15562,0.029558911
1841,-0.15417,0.028609901
1842,-0.15104,0.027729208
1843,-0.14787,0.026842574
1844,-0.14457,0.025870297
1845,-0.1391,0.024761485
1846,-0.1281,0.023519901
1847,-0.10828,0.022211584
1848,-0.07791,0.020951881
1849,-0.03794,0.019876238
1850,0.00778,0.01910396
1851,0.05327,0.018707624
1852,0.09184,0.018695842
1853,0.11787,0.019014356
1854,0.12814,0.019562673
1855,0.12251,0.020219505
1856,0.10373,0.02087
1857,0.07658,0.021426535
1858,0.04675,0.021841386
1859,0.0197,0.022109505
1860,-0.00019,0.022263663
1861,-0.01022,0.022362673
1862,-0.00958,0.022475842
1863,0.00052,0.022663366
1864,0.01695,0.022956634
1865,0.03509,0.023341287
1866,0.04962,0.023749505
1867,0.05574,0.024066337
1868,0.05064,0.024154158
1869,0.03468,0.023890198
1870,0.01192,0.023209802
1871,-0.01051,0.022140495
1872,-0.02427,0.020813366
1873,-0.02239,0.019442277
1874,-0.00196,0.018272871
1875,0.03425,0.017513366
1876,0.07781,0.017268119
1877,0.11661,0.017497921
1878,0.13834,0.018021485
1879,0.13436,0.018563762
1880,0.10265,0.018835446
1881,0.04879,0.018621188
1882,-0.0155,0.017845446
1883,-0.07592,0.016592673
1884,-0.11991,0.015074752
1885,-0.14043,0.013554059
1886,-0.13782,0.01224901
1887,-0.11905,0.011254554
1888,-0.09482,0.01050505
1889,-0.07542,0.009794158
1890,-0.06699,0.008845446
1891,-0.06939,0.007411386
1892,-0.0765,0.00536703
1893,-0.0788,0.00276703
1894,-0.06714,-0.000153168
1895,-0.0365,-0.003033564
1896,0.01167,-0.005486634
1897,0.06942,-0.00720505
1898,0.12438,-0.008047228
1899,0.16346,-0.008075842
1900,0.17673,-0.007538515
1901,0.16046,-0.006796436
1902,0.11825,-0.006222871
1903,0.06005,-0.006101188
1904,-0.00059,-0.006549703
1905,-0.05016,-0.007494455
1906,-0.07867,-0.008694653
1907,-0.082,-0.009812277
1908,-0.06258,-0.010504554
1909,-0.02825,-0.010513267
1910,0.01014,-0.009727624
1911,0.04194,-0.008203168
1912,0.05956,-0.006136436
1913,0.06042,-0.003804653
1914,0.0474,-0.001489802
1915,0.02779,0.000589406
1916,0.01103,0.002319307
1917,0.00593,0.003698119
1918,0.01815,0.004809307
1919,0.04869,0.00577604
1920,0.09369,0.006712475
1921,0.14566,0.007689703
1922,0.19559,0.008724257
1923,0.23538,0.009790198
1924,0.25982,0.01084505
1925,0.26772,0.011859703
1926,0.26183,0.01283901
1927,0.24785,0.013829307
1928,0.23283,0.01491297
1929,0.22346,0.01619495
1930,0.22472,0.017788317
1931,0.23908,0.019803366
1932,0.26626,0.022339208
1933,0.303627,0.025476802
1934,0.346755,0.029269228
1935,0.3903064,0.033728499
1936,0.428896,0.038812816
1937,0.457954,0.044420578
1938,0.474485,0.050396568
1939,0.477609,0.056554281
1940,0.468755,0.062710172
1941,0.451393,0.068720202
1942,0.430282,0.074506855
1943,0.410334,0.080065014
1944,0.39534845,0.085443414
1945,0.3869661,0.090706148
1946,0.384185,0.095887188
1947,0.383663,0.100954148
1948,0.380818,0.105796702
1949,0.371448,0.110245792
1950,0.353408,0.114120524
1951,0.327765,0.117288693
1952,0.298962,0.119721287
1953,0.27382,0.121523069
1954,0.25953,0.122925643
1955,0.26132,0.124244257
1956,0.28038,0.125807326
1957,0.313062,0.12787992
1958,0.351445,0.130601356
1959,0.385455,0.133954871
1960,0.405728,0.13777693
1961,0.406369,0.141802267
1962,0.3866484,0.145731657
1963,0.351057,0.14930232
1964,0.307708,0.152343786
1965,0.26568,0.154806459
1966,0.23226,0.156758637
1967,0.21109,0.15835735
1968,0.20179,0.15980339
1969,0.20112,0.161293291
1970,0.20515,0.162981112
1971,0.21134,0.164955568
1972,0.2198,0.167235865
1973,0.23309,0.169783984
1974,0.25473,0.172527746
1975,0.28703,0.175389033
1976,0.329286,0.178310182
1977,0.377186,0.1812743
1978,0.423795,0.184315736
1979,0.461856,0.187518865
1980,0.486511,0.191005508
1981,0.49733,0.194913231
1982,0.49878,0.199368578
1983,0.49876,0.204460261
1984,0.50581,0.210219964
1985,0.52593,0.216614419
1986,0.56027,0.223552043
1987,0.60472,0.230903924
1988,0.65144,0.238532538
1989,0.69195,0.24632234
1990,0.72046,0.25420234
1991,0.73622,0.262154914
1992,0.74401,0.27020838
1993,0.75254,0.278416697
1994,0.77143,0.286834815
1995,0.7287,0.294714419
1996,0.7529,0.302530261
1997,0.8048,0.310383033
1998,0.856,0.318170954
1999,0.8884,0.325735508
2000,0.9138,0.333164617
2001,0.9639,0.34095838
2002,0.9896,0.349167687
2003,0.9851,0.35775036
2004,1.0037,0.367093429
2005,1.0373,0.377369568
2006,1.039,0.38815333
2007,1.0424,0.399253033
2008,1.0456,0.41041739
2009,1.0631,0.421562736
2010,1.094,0.432674122
2011,1.1328,0.443789568
2012,1.1537,0.454797093
2013,1.1757,0.465847984
2014,1.2135,0.477264617
2015,1.2573,0.489243825
2016,1.289111111,0.501732153
2017,1.322375,0.514715767
2018,1.358428571,0.528106842
2019,1.389,0.541679614